entity_id,entity_attributes
1441792,{'name': 'Badr Organization'}
37822472,{'name': 'Free Iraqi Army'}
12,{'name': 'Anarchism'}
17416221,{'name': 'South Africa'}
42737696,{'name': 'Green Battalion'}
27754535,{'name': 'Sinjar Resistance Units'}
19054645,{'name': 'Government of Niger'}
4055099,{'name': 'Aden-Abyan Islamic Army'}
16293969,{'name': 'National Socialist Council of Nagaland'}
426077,{'name': 'Carnegie Endowment for International Peace'}
966760,{'name': 'Pastoralism'}
2039914,{'name': 'United Wa State Army'}
1646705,{'name': 'Kurmanbek Bakiyev'}
147575,{'name': 'Ireland'}
65656,{'name': 'The Gambia'}
745595,{'name': 'Israel Police'}
1646730,{'name': 'Jund al-Sham'}
1335473,{'name': 'National Democratic Front of Boroland'}
622772,{'name': 'Chechens'}
52379828,{'name': 'Adama Barrow'}
16998586,{'name': 'Sabaot Land Defence Force'}
30884032,"{'name': ""Sudan People's Liberation Movement-North""}"
30875850,{'name': 'Al-Qaeda in the Islamic Maghreb'}
31006928,{'name': 'Warfalla'}
6373594,{'name': 'Daily Star'}
58786028,{'name': 'Rouse the Believers Operations Room'}
16642,{'name': 'Kazakhstan'}
17957135,{'name': 'Egyptian National Police'}
16660,{'name': 'Kenya Defence Forces'}
319778,{'name': 'Free Aceh Movement'}
1401135,{'name': '055 Brigade'}
2892082,{'name': 'Basij'}
3293496,{'name': 'Sea Tigers'}
20259145,{'name': 'Peninsula Shield Force'}
24918,"{'name': ""People's Liberation Army Navy""}"
7848288,{'name': 'State of Bahrain'}
7651680,{'name': 'Salwa Judum'}
358,{'name': 'Algeria'}
26091881,{'name': 'Southern Movement'}
50274669,{'name': 'Union for Central African Renewal'}
34046319,{'name': 'Vietnam Border Guard'}
55738736,{'name': 'Harakat al-Qiyam'}
2163060,{'name': 'Jamiat-e Islami'}
12968316,{'name': 'Al-Shabab'}
35021184,{'name': 'Libyan Armed Forces'}
57744,{'name': 'Ivory Coast'}
40067475,{'name': 'Democratic Front for the Liberation of Palestine'}
2105749,{'name': 'Romanian Land Forces'}
197015,{'name': 'Drug cartel'}
38912437,{'name': 'Popular Front for Recovery'}
8632,{'name': 'Druze'}
33220,{'name': 'Western Sahara'}
311752,{'name': 'Shin Bet'}
23118283,{'name': 'National Army for the Liberation of Uganda'}
32350676,{'name': 'South Sudan'}
19522007,{'name': 'Bangladesh Police'}
10813917,{'name': 'Baloch Students Organization'}
56779254,{'name': 'Hadhramaut Tribal Alliance'}
31212024,{'name': 'Free Libyan Air Force'}
38789631,{'name': 'Patriotic Convention for Saving the Country'}
25960962,{'name': 'Kurdistan Communities Union'}
1253897,{'name': 'Banyamulenge'}
1262096,"{'name': ""New People's Army""}"
44352016,{'name': 'Regiment of Presidential Security'}
13599262,{'name': 'Media Luna'}
43811375,{'name': 'National Democratic Alliance Army'}
4317752,{'name': 'Central Security Forces'}
3482169,{'name': 'Economic Community of Central African States'}
44556870,{'name': 'Jabhat Ansar al-Islam'}
2671190,{'name': 'National Council for the Defense of Democracy'}
377433,{'name': 'Pakistan Air Force'}
39584363,{'name': 'Liwa Abu al-Fadhal al-Abbas'}
39248501,{'name': 'Arab Movement of Azawad'}
9282173,{'name': 'Israel'}
52552320,{'name': 'Lebanese Resistance Brigades'}
6111879,{'name': 'Lebanese National Resistance Front'}
5571214,{'name': 'Election commission'}
3252889,{'name': 'Caucasian Front'}
2597550,{'name': 'Abyan Governorate'}
701,{'name': 'Angola'}
709,{'name': 'Angolan Armed Forces'}
9347800,{'name': 'United States Africa Command'}
737,{'name': 'Afghanistan'}
541409,{'name': 'Free Papua Movement'}
746,{'name': 'Azerbaijan'}
39240428,{'name': 'Idlib Governorate clashes'}
42984179,{'name': 'PASKAL'}
13787895,{'name': 'Patriotic Resistance Front of Ituri'}
52781816,{'name': 'Galilee Forces'}
33653498,{'name': 'Ansar al-Sharia'}
45417217,{'name': 'Myanmar National Democratic Alliance Army'}
35021571,{'name': 'Libyan Army'}
11232022,{'name': 'Jihad and Reform Front'}
12395287,{'name': 'Communist Party of Turkey'}
42853150,{'name': 'Libya Shield Force'}
492331,{'name': 'Arab citizens of Israel'}
25391,{'name': 'Russia'}
2081585,{'name': 'Rally of Democratic Forces'}
3285814,{'name': '1920 Revolution Brigades'}
43877175,{'name': 'Euphrates Region'}
951098,{'name': 'National Security Guard'}
3949386,{'name': 'Kurdistan Region'}
63767373,{'name': 'Komala of the Toilers of Kurdistan'}
34890586,{'name': 'Public Security Forces'}
58671972,{'name': 'Popular Front for the Liberation of Libya'}
25445,{'name': 'Romania'}
1500005,{'name': 'Ministry of Defence'}
1188714,{'name': 'Ivorian Popular Front'}
58236,{'name': 'United States Department of Homeland Security'}
45220740,{'name': 'Syrian Kurdistan'}
11125639,{'name': 'Turkey'}
377735,{'name': 'Syrian Air Force'}
1966992,{'name': 'Rivers State'}
23626646,"{'name': ""Kata'ib Hezbollah""}"
37086105,{'name': 'Suqour al-Sham Brigades'}
25502,{'name': 'Armed Forces of the Republic of the Congo'}
66463,{'name': 'Politics of Afghanistan'}
33702,{'name': 'Wolf'}
53380035,{'name': 'Ansar ul Islam'}
45671374,{'name': 'Popular Mobilization Forces'}
3294160,{'name': 'Gulf Cartel'}
58325,{'name': 'Vigilantism'}
60425185,{'name': 'Raia Mutomboki'}
28222445,{'name': 'Estonia'}
58704893,{'name': 'Petroleum Facilities Guard'}
36545542,{'name': 'Tolib Ayombekov'}
13698067,{'name': 'Supreme Command for Jihad and Liberation'}
37569569,{'name': 'Lashkar-e-Balochistan'}
64185388,{'name': 'Ivorian Republican Guard'}
25645,{'name': 'Rwanda'}
26215470,"{'name': ""Ba'athist Iraq""}"
427063,{'name': 'United Liberation Front of Asom'}
59425847,{'name': 'Bhumi Sena'}
39691334,{'name': 'Syrian Resistance'}
37979212,{'name': 'Los Metros'}
25679,{'name': 'Royal Air Force'}
1000530,{'name': 'Republic of Artsakh'}
17015903,{'name': 'Piracy off the coast of Somalia'}
9317,{'name': 'European Union'}
3966054,{'name': 'Mexico'}
65758310,{'name': 'CODECO'}
56771685,{'name': 'Jamaat Jund al-Qawqaz'}
17514,{'name': 'Latvia'}
25709,{'name': 'Russian Armed Forces'}
42105,{'name': 'Homeland security'}
62473340,{'name': 'National Coalition of the People for the Sovereignty of Congo'}
44942466,{'name': 'Jaysh al-Ummah'}
9354,{'name': 'Egyptian Armed Forces'}
9356,{'name': 'El Salvador'}
53150866,{'name': 'Islamic State in Somalia'}
11592852,{'name': 'Arab Democratic Party'}
9366,{'name': 'Equatorial Guinea'}
41206934,{'name': 'Sootoro'}
402587,{'name': 'Husayn ibn Ali'}
2933920,{'name': 'Marines'}
672930,{'name': 'Delta State'}
46875815,{'name': 'Sheikh Omar Hadid Brigade'}
52421800,{'name': 'Syrian National Resistance'}
9405,{'name': 'Ethiopian National Defense Force'}
3319002,{'name': 'Ronda Campesina'}
17633,{'name': 'Libya'}
64013544,{'name': 'Nduma Defense of Congo-Renovated'}
3704049,{'name': 'Abu Ali Mustapha Brigades'}
10429702,{'name': 'Frontier Corps'}
35693833,{'name': 'Youm7'}
40191241,{'name': 'Syrian Turkmen Brigades'}
17675,{'name': 'Lithuania'}
451855,{'name': 'Central Reserve Police Force'}
10593562,{'name': 'Salafist Group for Preaching and Combat'}
1590554,{'name': 'Ukrainian Navy'}
41149725,{'name': 'Sutoro'}
19760414,{'name': 'Qaraqosh Protection Committee'}
36980009,{'name': 'Ahrar al-Sham'}
1246506,{'name': 'Justice and Equality Movement'}
787766,{'name': 'United Nations Interim Force in Lebanon'}
48571702,{'name': 'Macina Liberation Front'}
4498750,{'name': 'Armed Forces of the Congolese People'}
66890,"{'name': ""People's Liberation Army""}"
25936,{'name': 'Rio de Janeiro'}
15123798,{'name': 'General Security Directorate'}
17771,{'name': 'Lebanon'}
59327857,{'name': 'Giants Brigades'}
17779,{'name': 'Lebanese Armed Forces'}
30860668,{'name': '11th Expeditionary Combat Aviation Brigade'}
17791,{'name': 'Liberia'}
17799,{'name': 'Armed Forces of Liberia'}
26568072,"{'name': ""General People's Congress""}"
4711820,{'name': 'Primeiro Comando da Capital'}
17804,{'name': 'Politics of Libya'}
12338572,{'name': 'Special Services Wing'}
23995791,{'name': 'Jund Ansar Allah'}
17808,{'name': 'Armed Forces of the Libyan Arab Jamahiriya'}
27493775,{'name': 'Shower Posse'}
214413,{'name': 'Armenian diaspora'}
60425636,{'name': 'Tripoli Protection Force'}
7439782,{'name': 'Tamil Eelam'}
2483633,{'name': 'Afar Region'}
56640947,{'name': 'Baqir Brigade'}
63579572,{'name': 'Popular Front for the Rebirth of Central African Republic'}
1238462,{'name': 'Jamaica Defence Force'}
30975423,{'name': 'Police of Russia'}
34244,{'name': 'Yugoslavia'}
34247,{'name': 'Demographics of Yemen'}
34252,{'name': 'Republic of Yemen Armed Forces'}
198100,{'name': 'Brazilian Intelligence Agency'}
296412,{'name': 'National Intelligence Service'}
41772517,{'name': '5th Spetsnaz Brigade'}
67050,{'name': 'Tutsi'}
1320430,{'name': 'Republic of West Papua'}
26100,{'name': 'Revolutionary Armed Forces of Colombia'}
13444599,{'name': 'United Nations Mission in the Central African Republic and Chad'}
35874309,{'name': 'Mullah Dadullah Front'}
198149,{'name': 'Turkmenistan'}
42133018,{'name': 'Autonomous Republic of Crimea'}
18933277,{'name': 'Bahrain'}
566821,{'name': 'Islamic terrorism'}
56927798,{'name': 'Free Palestine Movement'}
44754490,{'name': 'Yarmouk Martyrs Brigade'}
15484477,{'name': 'Lebanese Democratic Party'}
5326401,{'name': 'Chechen Republic of Ichkeria'}
25380421,"{'name': ""People's Liberation Army of Manipur""}"
46663242,{'name': 'Shura Council of Mujahideen in Derna'}
27592278,{'name': 'Islamic Front'}
34399,{'name': 'Zimbabwe'}
60114545,{'name': 'Military Command Council for the Salvation of the Republic'}
34421,{'name': 'Zaire'}
26232439,{'name': 'Zomi Revolutionary Army'}
18933375,{'name': 'Abkhazia'}
51684992,{'name': 'Timber Sycamore'}
6784645,{'name': 'Southern Sudan autonomous region'}
36497032,"{'name': ""People's Protection Units""}"
1263244,{'name': 'France 24'}
38364812,{'name': 'Jubaland'}
673439,{'name': 'African Party for the Independence of Guinea and Cape Verde'}
14067361,{'name': 'Tamil Nadu Liberation Army'}
11273902,{'name': 'Multi-National Force West'}
10634933,{'name': 'African Union'}
42960570,{'name': 'Vietnam Fisheries Resources Surveillance'}
42772167,{'name': 'Jund al-Aqsa'}
26328,{'name': 'Royal Australian Air Force'}
44852952,{'name': 'Levant Front'}
1746653,{'name': 'Amhara'}
39446246,{'name': 'Kanglei Yawol Kanna Lup'}
36562665,{'name': 'Kurdish Supreme Committee'}
19343088,{'name': 'Air Force Intelligence Directorate'}
1042168,{'name': 'Brazilian Air Force'}
43517689,{'name': 'International military intervention against ISIL'}
14305018,{'name': 'Armed Forces of the Islamic Republic of Iran'}
1746709,{'name': 'Amhara Region'}
2082587,{'name': 'Al-Quds Brigades'}
427806,{'name': 'United States special operations forces'}
13412132,{'name': 'Royal Thai Marine Corps'}
1099556,{'name': 'Ali Nasir Muhammad'}
3008295,{'name': 'Palestinian Popular Struggle Front'}
2377550,{'name': 'Government of the Philippines'}
747345,{'name': 'Tanzim'}
6186841,{'name': 'Sri Lanka Navy'}
1921,{'name': 'Al-Qaeda'}
65619842,{'name': 'Western Togoland Restoration Front'}
50587536,{'name': 'Yıldırım Cabinet'}
1501094,{'name': 'Shammar'}
2942891,{'name': 'Tripura National Volunteers'}
5171141,{'name': 'History of Libya under Muammar Gaddafi'}
40863691,"{'name': ""Al-Aqsa Martyrs' Brigades""}"
5613522,{'name': 'Ground Forces of the Islamic Revolutionary Guard Corps'}
4655071,{'name': 'Lone Wolf'}
19580896,{'name': 'All Tripura Tiger Force'}
3114977,{'name': 'Palestine Liberation Army'}
43681764,{'name': 'National Salvation Government'}
29468661,{'name': 'Abdrabbuh Mansur Hadi'}
845828,{'name': 'Rally of the Republicans'}
58550278,{'name': 'Ahvaz National Resistance'}
13035534,{'name': 'Hamas of Iraq'}
46876689,{'name': 'Popular Committees'}
30861330,{'name': 'China National Offshore Oil Corporation'}
12593188,{'name': 'Nepali Army'}
2085,{'name': 'Assyria'}
26667,{'name': 'Spain'}
44591147,"{'name': ""Kata'ib Sayyid al-Shuhada""}"
428081,{'name': '6th Division'}
32745522,"{'name': ""United People's Democratic Solidarity""}"
43001917,{'name': 'Maoist Communist Party of Manipur'}
2361410,{'name': 'Federal Police of Brazil'}
18499,{'name': 'Left-wing politics'}
100420,{'name': 'Casamance'}
2631749,{'name': 'Rapid Action Battalion'}
67658,{'name': 'Bahrain Defence Force'}
1517643,{'name': 'Amal Movement'}
8087628,{'name': 'Egypt'}
15845458,{'name': 'China Coast Guard'}
13232219,{'name': 'Alliance for the Re-liberation of Somalia'}
5671006,{'name': 'Jeish Muhammad'}
42723426,{'name': 'Sham Legion'}
3672179,{'name': 'Army for the Liberation of Rwanda'}
26765428,{'name': 'Shura-e Nazar'}
44107893,{'name': 'Runda Kumpulan Kecil'}
56699003,{'name': 'White Flags'}
26750,{'name': 'Sri Lanka'}
2099335,{'name': 'Lebanese Communist Party'}
10946695,{'name': 'National Directorate of Security'}
2185,{'name': 'Arabs'}
59537,{'name': 'Hutu'}
12699794,{'name': 'Kachin Independence Organisation'}
26779,{'name': 'Soviet Union'}
2216,{'name': 'Abu Sayyaf'}
18606,{'name': 'Liberation Tigers of Tamil Eelam'}
4016305,{'name': 'Illegal immigration to Malaysia'}
50661555,{'name': 'Turkistan Islamic Party in Syria'}
92357,{'name': 'Military'}
11962570,{'name': 'Adivasi Cobra Force'}
12241100,{'name': 'Dima Halam Daogah'}
1239249,{'name': 'Military advisor'}
8947933,{'name': 'Sipah-e-Sahaba Pakistan'}
51425,{'name': 'Somaliland'}
39192809,{'name': 'Niger Delta Liberation Front'}
3434750,{'name': 'United States'}
3197182,{'name': 'Democratic Party of Iranian Kurdistan'}
52136190,{'name': 'Hawar Kilis Operations Room'}
1313055,{'name': 'Philippine National Police'}
51636511,{'name': 'Liwa Assad Allah al-Ghalib fi al-Iraq wa al-Sham'}
63023414,{'name': 'Los Viagras'}
38979900,{'name': 'Syrian Revolutionary Command Council'}
10577,{'name': 'Finland'}
26961,{'name': 'Shia Islam'}
1337691,{'name': 'Syrian Social Nationalist Party'}
764251,{'name': 'CORE'}
39127395,{'name': 'National Defence Forces'}
25659771,{'name': 'Kurdistan Democratic Party'}
39963003,{'name': 'Bangsamoro Islamic Freedom Fighters'}
1886592,{'name': 'Islamic Movement of Afghanistan'}
51587,{'name': 'Sevastopol'}
9087364,{'name': 'Islamic State of Iraq and the Levant'}
13093253,{'name': 'Islamic Jihad Movement in Palestine'}
51030405,{'name': 'Jaysh al-Izza'}
27019,{'name': 'South Korea'}
10636,{'name': 'Free'}
4581773,{'name': 'Uganda National Rescue Front'}
18778516,{'name': 'Mauritania'}
35006872,{'name': 'Jalisco New Generation Cartel'}
38996379,{'name': 'Syrian Liberation Front'}
42584491,{'name': 'Hazzm Movement'}
846251,{'name': 'United States Naval Special Warfare Command'}
46213555,{'name': 'Islamic State of Iraq and the Levant in Libya'}
27067,{'name': 'Sub-Saharan Africa'}
52619710,{'name': 'Coalition 2016'}
2503,{'name': 'African National Congress'}
2508,{'name': 'Artillery'}
23988695,{'name': 'Muslim United Liberation Tigers of Assam'}
51673,{'name': 'Moro Islamic Liberation Front'}
5843419,{'name': 'France'}
52578782,{'name': 'Arrow Boys'}
36817379,{'name': 'Federal Government of Somalia'}
10724,{'name': 'French Armed Forces'}
44468710,{'name': 'Territory of the Islamic State'}
32131564,{'name': 'Special Service Group'}
25127405,{'name': 'Gedeo people'}
17238515,{'name': 'Georgia'}
649718,{'name': 'Lashkar-e-Taiba'}
25504247,{'name': 'Military Police of Rio de Janeiro State'}
1780228,{'name': 'Marada Movement'}
182803,{'name': 'Canadian Army'}
5007895,{'name': 'Kurdistan Freedom Hawks'}
32672283,{'name': 'Free Syrian Army'}
19360285,{'name': 'Salafi jihadism'}
53185055,{'name': 'All-Palestine Protectorate'}
62310946,{'name': 'Jabhat Thuwar Saraqib'}
1526308,{'name': 'Russian Air Force'}
54225447,{'name': 'Qatar diplomatic crisis'}
17238567,{'name': 'Guatemala'}
8006190,{'name': 'Libyan Air Force'}
469556,{'name': 'Misrata'}
371256,{'name': 'Khorasan Province'}
215609,{'name': 'Ali Abdullah Saleh'}
31025723,{'name': 'National Transitional Council'}
48958012,{'name': 'New Democratic Army - Kachin'}
17238590,{'name': 'Eritrea'}
42576453,{'name': 'Muhajirin wa-Ansar Alliance'}
690763,{'name': 'Sultanate of Sulu'}
44173900,{'name': 'Military activity of ISIL'}
371307,{'name': 'Afar'}
8120949,{'name': 'National Forces of Liberation'}
174712,{'name': 'Fifth Republic Movement'}
24930943,{'name': 'Federal government of Mexico'}
35457665,{'name': 'Libyan National Army'}
469639,{'name': 'Liberians United for Reconciliation and Democracy'}
27278,{'name': 'Senegal'}
19088,{'name': 'Malawi'}
27288,{'name': 'Seychelles'}
43797145,{'name': 'Kamtapur Liberation Organisation'}
25537178,{'name': 'Resistance Patriots of Dongo'}
30870171,{'name': 'Rally for Congolese Democracy'}
2214557,{'name': 'Muslim Brotherhood of Syria'}
46230181,{'name': 'Saudi Arabian-led intervention in Yemen'}
44984997,{'name': 'Multinational Joint Task Force'}
27308,{'name': 'Sierra Leone'}
19117,{'name': 'Maldives'}
19127,{'name': 'Mali'}
19135,{'name': 'Malian Armed Forces'}
19137,{'name': 'Malta'}
3771075,"{'name': ""People's Revolutionary Party of Kangleipak""}"
27338,{'name': 'Slovenia'}
453329,{'name': 'Arab tribes in Iraq'}
68306,{'name': 'National Liberation Front'}
600792,{'name': 'Close air support'}
27358,{'name': 'Somalia'}
5982949,{'name': 'Municipal Guards'}
8678118,{'name': 'Salafia Jihadia'}
27366,{'name': 'Somali Armed Forces'}
2795,{'name': 'Australian Army'}
52841199,{'name': 'Lions of Hussein'}
19191,{'name': 'M'}
19196675,"{'name': ""South Sudan People's Defence Forces""}"
3779347,{'name': 'Movement for the Emancipation of the Niger Delta'}
27421,{'name': 'Sudan'}
27425,{'name': 'Politics of Sudan'}
27429,{'name': 'Sudanese Armed Forces'}
8383270,{'name': 'Mongols Motorcycle Club'}
330536,{'name': 'Israel Border Police'}
41487145,{'name': 'Organization for the Islamic Revolution in the Arabian Peninsula'}
19196722,{'name': 'Sudan Liberation Movement'}
36571957,{'name': 'Liwaa al-Umma'}
3525430,{'name': 'Rally for Democracy and Liberty'}
215864,{'name': 'Self-defense'}
38021946,{'name': 'Farouq Brigades'}
2288455,{'name': 'Northern Alliance'}
32738122,{'name': 'Tripoli Brigade'}
27475,{'name': 'Politics of Syria'}
27479,{'name': 'Syrian Armed Forces'}
19291,{'name': 'Morocco'}
11104,{'name': 'Fatah'}
46279523,{'name': 'Jaysh al-Sunna'}
10832740,{'name': 'Baluch Liberation Front'}
19301,{'name': 'Mozambique'}
61369191,"{'name': ""Islamic State's Central Africa Province""}"
19309,{'name': 'Mozambique Defence Armed Forces'}
3885935,{'name': 'National Movement for Reform and Development'}
11127,{'name': 'Federal Bureau of Investigation'}
52530043,{'name': 'Hasm Movement'}
11930493,{'name': 'Christianity in Iraq'}
22350732,{'name': 'Shia Islam in Iraq'}
55536565,{'name': 'Nationwide Ceasefire Agreement'}
17116086,"{'name': ""All Burma Students' Democratic Front""}"
12241851,{'name': 'Christianity in Nigeria'}
53554108,{'name': 'Directorate of Military Intelligence'}
58641342,{'name': 'Leon Sedov Brigade'}
338883,{'name': 'Pahlavi dynasty'}
34991043,"{'name': ""Paraguayan People's Army""}"
76741,{'name': 'Government of Colombia'}
15748037,{'name': 'Popular Nasserist Organization'}
5172177,{'name': 'Comando Vermelho'}
928722,{'name': 'RFE'}
2313170,{'name': 'Private army'}
76762,{'name': 'Democratic Republic of the Congo'}
33975261,{'name': 'Syrian opposition'}
19975146,{'name': 'National Congress for the Defence of the People'}
54750187,{'name': 'Wagner Group'}
19457,{'name': 'Myanmar'}
797702,{'name': 'Ingushetia'}
55577612,{'name': 'Islamic State in the Greater Sahara'}
1281036,{'name': 'Black Sea Fleet'}
38726671,{'name': 'Alliance of Patriots for a Free and Sovereign Congo'}
298010,{'name': 'Revolutionary United Front'}
347166,{'name': 'MPLA'}
22670366,{'name': 'Al-Arab'}
62311455,{'name': 'Liwa Aqab al-Islami'}
1051682,{'name': 'Saudi Arabian National Guard'}
166957,"{'name': ""Ba'ath Party""}"
14912557,{'name': 'Caucasus Emirate'}
1403972,"{'name': ""Palestinian People's Party""}"
19426382,{'name': 'Law enforcement in Mexico'}
3279967,{'name': 'Multinational Force in Lebanon'}
1084519,"{'name': ""Anti-Fascist People's Freedom League""}"
68714,{'name': 'People smuggling'}
58018929,{'name': 'Jaysh al-Ahrar'}
6761596,{'name': 'Politics of South Sudan'}
896126,{'name': 'Tablighi Jamaat'}
642175,{'name': 'National Liberation Front of Tripura'}
37866634,{'name': 'Ghuraba al-Sham'}
265355,{'name': 'Carter Center'}
6032540,{'name': 'Philippine Marine Corps'}
7826589,{'name': 'Jihadism'}
33737886,{'name': 'Sudan Revolutionary Front'}
50236583,{'name': 'Al-Rahman Legion'}
76972,{'name': 'Denmark'}
2673836,{'name': 'Future Movement'}
6032559,{'name': 'Philippine Army'}
1051830,"{'name': ""As-Sa'iqa""}"
59919543,{'name': 'RTMC Reconnaissance Battalion'}
199866,{'name': 'Ansar al-Islam'}
1486011,{'name': 'Insurgency in Northeast India'}
19655,{'name': 'May 23'}
42626250,"{'name': ""Luhansk People's Republic""}"
31927499,{'name': 'Knights Templar Cartel'}
55897300,{'name': 'Liwa al-Haqq'}
41577685,"{'name': ""Ba'ath Brigades""}"
40479968,{'name': 'United Nations Force Intervention Brigade'}
37268705,{'name': 'Akhil Bharat Nepali Ekta Samaj'}
46279909,{'name': 'Ajnad al-Sham'}
1625335,{'name': 'Jaish-e-Mohammed'}
31214851,{'name': 'United Nations Security Council Resolution 1973'}
683270,{'name': 'Janjaweed'}
40283398,{'name': 'Bangsamoro Republik'}
32804105,{'name': 'Tunisian National Guard'}
7171338,{'name': 'Indian Armed Forces'}
3343,{'name': 'Belgium'}
748820,"{'name': ""Jama'at al-Tawhid wal-Jihad""}"
45690137,{'name': 'Grupos de autodefensa comunitaria'}
42577177,{'name': 'Ajnad al-Sham Islamic Union'}
3165476,{'name': 'Ranvir Sena'}
27667756,{'name': 'Republic of Afghanistan'}
21490998,{'name': 'Burundi'}
3383,{'name': 'Brazil'}
51678526,{'name': 'Free Idlib Army'}
43650372,{'name': 'Alwiya al-Furqan'}
11447628,{'name': 'Abkhazian Armed Forces'}
45550932,{'name': 'Fastaqim Union'}
3415,{'name': 'Bulgaria'}
23219543,{'name': 'Jikany Nuer'}
666980,{'name': 'Naxalite'}
48303468,{'name': 'Rojava conflict'}
4689264,{'name': 'Australia'}
355699,{'name': 'Salafi movement'}
1133944,{'name': 'Royal Bhutan Army'}
1330553,{'name': 'Kurdistan Regional Government'}
43683196,{'name': 'American-led intervention in the Syrian civil war'}
3454,{'name': 'Bangladesh'}
3457,{'name': 'Belarus'}
3607937,{'name': 'Malaysia'}
3459,{'name': 'Benin'}
3458,{'name': 'Belize'}
3462,{'name': 'Bolivia'}
3464,{'name': 'Botswana'}
49073548,{'name': 'Civil Protection Units'}
55504268,{'name': 'Popular Forces of Burundi'}
3470,{'name': 'Burkina Faso'}
44431,{'name': 'Biafra'}
69017,{'name': 'Armed Forces of Bolivia'}
8105379,{'name': 'Rwenzururu'}
17444266,{'name': 'AFP Western Mindanao Command'}
36818349,{'name': 'Syrian Social Nationalist Party in Lebanon'}
1584559,{'name': 'Movement for the Liberation of the Congo'}
55913903,{'name': 'Al-Mulathameen'}
1904053,{'name': 'Marxism'}
7163325,{'name': 'Jaish al-Rashideen'}
48205248,{'name': 'Syrian Democratic Forces'}
12774849,{'name': 'Congolese National Liberation Front'}
724421,{'name': 'Abdul Fattah Ismail'}
48713162,"{'name': ""Mare' Operations Room""}"
2076117,{'name': 'Iraqi Police'}
13888982,{'name': 'Ministry of home affairs'}
39955935,{'name': 'Islamic State of Iraq'}
31018476,{'name': 'Anti-Gaddafi forces'}
1224174,{'name': 'South Lebanon Army'}
42085878,{'name': 'Russo-Ukrainian War'}
5844475,{'name': 'Palestinian National Security Forces'}
48934397,{'name': 'Government of National Accord'}
41307649,{'name': 'Police Special Operation Department'}
30854661,{'name': 'Talk'}
290310,{'name': 'Armenian Secret Army for the Liberation of Armenia'}
23408142,{'name': 'Sri Lanka Armed Forces'}
58699284,{'name': 'National Police of Paraguay'}
58535466,{'name': 'Katiba al-Bittar al-Libi'}
38235695,{'name': 'African-led International Support Mission to Mali'}
3637,{'name': 'Brazilian Armed Forces'}
4853315,{'name': 'Gumuz people'}
38063706,{'name': 'Syrian Islamic Liberation Front'}
11867,{'name': 'Germany'}
18681435,{'name': 'Bakassi Movement for Self-Determination'}
3679,{'name': 'Politics of Burkina Faso'}
4042337,{'name': 'Movement for Democracy and Justice in Chad'}
41504356,{'name': 'Paul-Joseph Mukungubila'}
3305075,{'name': 'Grupo Colina'}
10374780,{'name': 'Anbar Salvation Council'}
22695550,{'name': 'Mukhrovani'}
1199752,{'name': 'Mai-Mai'}
43667081,{'name': 'Rally of Democratic Forces of Guinea'}
48557707,{'name': 'Sinjar Alliance'}
43904665,{'name': 'Khorasan group'}
27619007,{'name': 'Mossad'}
43060927,{'name': 'General Military Council for Iraqi Revolutionaries'}
41553608,{'name': 'Army of Mujahideen'}
7515849,{'name': 'Syria'}
569037,{'name': 'Gaziantep'}
69328,{'name': 'United Arab Emirates'}
85725,{'name': 'Uni'}
478947,{'name': 'Popular Resistance Committees'}
3272421,{'name': 'Komala'}
31002349,{'name': 'Zuwayya'}
216815,{'name': 'Military junta'}
7515890,{'name': 'Kuwait'}
46411512,{'name': 'Harakat Ansar Iran'}
12027,{'name': 'Gabon'}
208636,{'name': 'Turkistan Islamic Party'}
2821886,{'name': 'Moro National Liberation Front'}
42028814,{'name': 'Arab Nationalist Guard'}
12047,{'name': 'Gaza Strip'}
43896591,{'name': 'Soldiers of Egypt'}
57765652,{'name': 'Jamaat Bayt al-Maqdis al-Islamiya'}
7515928,{'name': 'Iraq'}
12065,{'name': 'Defense Forces of Georgia'}
48893730,{'name': 'United Baloch Army'}
12067,{'name': 'Ghana'}
413480,{'name': 'Libyan Islamic Fighting Group'}
36651,{'name': 'ESP'}
12075,{'name': 'Ghana Armed Forces'}
7515964,{'name': 'Jordan'}
2363203,{'name': 'Salva Kiir Mayardit'}
36056901,{'name': 'Independent Cartel of Acapulco'}
50360137,{'name': 'Liwa Zainebiyoun'}
12108,{'name': 'Greece'}
274262,{'name': 'Private military company'}
1576797,{'name': 'Iraqi Army'}
28521,{'name': 'Shining Path'}
1150827,{'name': 'Bolivarian Intelligence Service'}
11415404,{'name': 'Islamic Jihad Union'}
15462262,{'name': 'Islamic Unification Movement'}
32632702,{'name': 'Shabiha'}
50671501,{'name': 'Khalid ibn al-Walid Army'}
6025104,{'name': 'United Nations Disengagement Observer Force'}
12176,{'name': 'Guinea'}
12186,{'name': 'Guinea-Bissau'}
12190,{'name': 'Politics of Guinea-Bissau'}
12194,{'name': 'Military of Guinea-Bissau'}
20390,{'name': 'Politics of Myanmar'}
20394,{'name': 'Tatmadaw'}
53235629,{'name': 'Syrian National Army'}
1109945,{'name': 'Turkish Naval Forces'}
5435324,{'name': 'Islamic Courts Union'}
54218690,"{'name': ""International Revolutionary People's Guerrilla Forces""}"
25604038,{'name': 'Quetta Shura'}
45674445,{'name': 'Kataib Rouh Allah Issa Ibn Miriam'}
51613664,{'name': 'Syrian Democratic Forces military councils'}
60428257,{'name': 'Nduma Defense of Congo'}
48361442,{'name': 'Liwa al-Quds'}
36848,{'name': 'Economic Community of West African States'}
54013944,{'name': 'Ajnad al-Kavkaz'}
167928,{'name': 'Republican guard'}
28678,{'name': 'Sabah'}
46264336,"{'name': ""Kata'ib al-Imam Ali""}"
3428369,{'name': 'Malaysian Maritime Enforcement Agency'}
5140508,{'name': 'Bodo Liberation Tigers Force'}
24457252,{'name': 'Afghan National Security Forces'}
47878183,{'name': 'Tuareg militias of Ghat'}
684077,{'name': 'Arab Deterrent Force'}
54251566,{'name': 'Southern Transitional Council'}
1183789,{'name': 'Pakistan Navy'}
69680,"{'name': ""Kurdistan Workers' Party""}"
52809781,{'name': 'Golan Regiment'}
217152,{'name': 'Consumer price index'}
1241164,{'name': 'SULFA'}
69713,{'name': 'Rangers F.C.'}
41275480,{'name': 'Anti-balaka'}
21254238,{'name': 'Civil Police of Rio de Janeiro State'}
233569,{'name': 'Puntland'}
15552650,"{'name': ""Battle of N'Djamena""}"
23916689,{'name': 'Hezbe Wahdat'}
33861790,{'name': 'Post-independence Burma'}
21475491,{'name': 'Magdalo Faction'}
54022309,{'name': 'G5 Sahel'}
5058739,{'name': 'Sweden'}
20820147,{'name': 'Rupa'}
47321275,{'name': 'Dokumacılar'}
11522238,{'name': 'List of foreign volunteers'}
7278792,{'name': 'National Police of Colombia'}
23384265,{'name': 'Mexican Armed Forces'}
15536335,{'name': 'Multinational Division Central-South'}
69854,{'name': 'Gambia Armed Forces'}
1585376,{'name': 'Nationalist and Integrationist Front'}
47591650,{'name': 'Fidai Mahaz'}
39162083,{'name': 'Syrian Interim Government'}
389363,{'name': 'Islamic Movement of Uzbekistan'}
19468532,{'name': 'House of Representatives'}
1446131,{'name': 'Assyrian Democratic Movement'}
9195772,{'name': 'Soldiers of Heaven'}
2691327,"{'name': ""Sudan People's Liberation Movement""}"
233729,{'name': 'Tijuana Cartel'}
32862466,{'name': 'Syrian Revolution General Commission'}
51097859,{'name': 'Popular Front for Justice in the Congo'}
20742,{'name': 'Muslim Brotherhood'}
30871819,{'name': 'Law enforcement agency'}
17240332,{'name': 'Houthi movement'}
32903440,{'name': 'Tunisian Army'}
39039263,{'name': 'Palestinian National Salvation Front'}
2642213,{'name': 'Los Zetas'}
41406768,{'name': 'Syrian Revolutionaries Front'}
5042481,{'name': 'Cuba'}
23187771,{'name': 'Abdullah Azzam Brigades'}
17518909,{'name': 'Eastern Shura'}
102724,{'name': 'Kyrgyz people'}
23564616,{'name': 'North Macedonia'}
1585481,{'name': 'Lendu language'}
31560013,{'name': 'Democratic Revolutionary Council'}
6033742,{'name': 'Osbat al-Nour'}
1585508,{'name': 'Hema people'}
36532581,{'name': 'Kurdish National Council'}
63598951,{'name': 'Central African Patriotic Movement'}
56652137,{'name': 'Liwa Dawud'}
405871,{'name': 'Tobruk'}
34959730,{'name': 'Movement for Oneness and Jihad in West Africa'}
446834,{'name': 'Border Security Force'}
19370359,{'name': 'Islamic Jihad of Yemen'}
57536888,{'name': 'National Front for Liberation'}
41251201,{'name': 'Democratic Union Party'}
48492933,{'name': 'DKBA-5'}
37278116,{'name': 'Mujahideen Shura Council in the Environs of Jerusalem'}
47141292,{'name': 'Fatah Halab'}
2159021,{'name': 'Inter-Services Intelligence'}
4338096,{'name': 'SYR'}
184764,{'name': 'The Jerusalem Post'}
30798271,{'name': 'Liberation and Justice Movement'}
14512590,{'name': 'National Public Security Force'}
365009,{'name': 'National Guard'}
184799,{'name': 'Anjouan'}
8155615,{'name': 'Rodrigo Franco Command'}
17207794,{'name': 'Djibouti'}
57643509,{'name': 'Imghad Tuareg Self-Defense Group and Allies'}
5460470,{'name': 'Transitional federal government of Somalia'}
6107650,{'name': 'Osbat al-Ansar'}
41857550,{'name': 'Kangleipak Communist Party'}
37403,{'name': 'Eastern Europe'}
31142430,{'name': '2011 military intervention in Libya'}
504351,{'name': 'Karen National Union'}
36991518,{'name': 'Autonomous Administration of North and East Syria'}
19599929,{'name': 'Republic of the Congo'}
22614601,{'name': 'Piracy in Indonesia'}
62028,{'name': 'CNN'}
6533708,{'name': 'Hern'}
29265,{'name': 'Serbia'}
47149650,{'name': 'Unified Military Command of Eastern Ghouta'}
905817,{'name': 'Abia State'}
56455780,{'name': 'YPG International'}
23376485,{'name': 'Union of Resistance Forces'}
53228134,{'name': 'Malhama Tactical'}
905857,{'name': 'Cross River State'}
3969667,{'name': 'Kurdistan Free Life Party'}
2257545,{'name': 'United National Liberation Front'}
21133,{'name': 'NATO'}
103054,{'name': 'Tuareg people'}
2421391,{'name': 'Bhutan'}
29328,{'name': 'Six-Day War'}
21148,{'name': 'Netherlands'}
47149729,{'name': 'Jaish al-Haramoun'}
23769768,{'name': 'Boko Haram'}
56718004,{'name': 'Guardians of Religion Organization'}
27751097,{'name': 'National Intelligence Organization'}
103100,{'name': 'Jemaah Islamiyah'}
43397821,{'name': 'Ansar al-Din Front'}
48231101,{'name': 'Al-Sanadid Forces'}
9794248,{'name': 'Al-Qaeda in the Arabian Peninsula'}
29402,{'name': 'Sunni Islam'}
18305760,{'name': 'Mujahideen'}
5042916,{'name': 'Canada'}
10293988,{'name': 'Mejlis of the Crimean Tatar People'}
60551922,"{'name': ""National Thowheeth Jama'ath""}"
21241,{'name': 'Norway'}
1258240,{'name': 'Allied Democratic Forces'}
13058,{'name': 'East Germany'}
21255,{'name': 'North Korea'}
455441,{'name': 'Jamaat Ansar al-Sunna'}
42767123,{'name': 'Ansar al-Sham'}
4887,{'name': 'British Army'}
57455383,{'name': 'Jamaah Ansharut Daulah'}
676634,{'name': 'Interahamwe'}
31167279,{'name': 'Cabinet of Yemen'}
29490,{'name': 'Saddam Hussein'}
78643,{'name': 'Government of Venezuela'}
43053874,{'name': 'Rapid Support Forces'}
53375814,{'name': 'Iraqi News'}
1405778,{'name': 'Republican Rally for Democracy in Rwanda'}
1463123,{'name': 'Azawad'}
40596311,{'name': 'Iraqi insurgency'}
11760475,{'name': 'Royal Bhutan Police'}
201574,{'name': 'Polisario Front'}
57824112,{'name': 'Sabireen Movement'}
332667,{'name': 'Islamic Emirate of Afghanistan'}
49918844,{'name': 'Ahrar al-Najran'}
21373,{'name': 'Niger'}
14095229,{'name': 'Palestinian Preventive Security'}
291717,{'name': 'Islamic State of Afghanistan'}
21383,{'name': 'Nigeria'}
21387,{'name': 'Federal government of Nigeria'}
21391,{'name': 'Nigerian Armed Forces'}
37778,{'name': 'Tajiks'}
209811,{'name': 'Looting'}
553883,{'name': 'Government of India'}
57619358,{'name': 'National Resistance'}
4510642,{'name': 'Garud Commando Force'}
58094541,"{'name': ""Jama'at Ansar al-Furqan in Bilad al Sham""}"
24253402,{'name': 'Jaljalat'}
13275,{'name': 'Hungary'}
52024291,{'name': 'Niger Delta Greenland Justice Mandate'}
54383588,{'name': 'Eagles of the Whirlwind'}
357350,{'name': 'Tigray Region'}
2642924,{'name': 'Toubou people'}
35541996,{'name': 'Toubou Front for the Salvation of Libya'}
58930164,{'name': 'Popular Resistance of the Eastern Region'}
21591049,{'name': 'Khyber Pakhtunkhwa Police'}
7967758,{'name': 'Union of Democratic Forces for Unity'}
17052695,{'name': 'Lashkar-e-Islam'}
4322340,"{'name': ""Niger Delta People's Volunteer Force""}"
57676844,{'name': 'Movement for the Salvation of Azawad'}
26301492,{'name': 'Communist Party of Burma'}
611381,{'name': 'Ondo State'}
46666812,{'name': 'Abu Wardah'}
13373,{'name': 'Haiti'}
21017661,{'name': 'Baloch nationalism'}
54621245,{'name': 'Free Sunnis of Baalbek Brigade'}
40850508,{'name': 'Jundallah'}
13394,{'name': 'Honduras'}
59692126,{'name': 'Ansar al-Khilafah'}
38106209,{'name': 'Arakan Army'}
5222,{'name': 'Colombia'}
48395372,"{'name': ""Ta'ang National Liberation Army""}"
70767,{'name': 'Iraqi National Congress'}
349303,{'name': 'Saudi Arabia'}
1266812,{'name': 'Lebanese National Movement'}
5428354,{'name': 'Hashid'}
726148,{'name': 'Democratic Republic of Yemen'}
70789,{'name': 'Patriotic Union of Kurdistan'}
2987149,{'name': 'Rizeigat tribe'}
1447071,{'name': 'South Sudan Liberation Movement'}
48551077,{'name': 'United Freedom Forces'}
8238258,{'name': 'Qatar'}
20518076,{'name': 'United States Navy'}
57750717,{'name': 'Tihamah Resistance'}
39490756,{'name': 'Popular Front for the Liberation of Palestine'}
6034632,{'name': 'Special Action Force'}
5321,{'name': 'Czech Republic'}
53015755,{'name': 'Tahrir al-Sham'}
9450702,{'name': 'Forces for Renewal'}
5336,{'name': 'Military of Chad'}
49501412,{'name': 'Al-Qaeda in Sinai Peninsula'}
341221,{'name': 'Australian Federal Police'}
48026864,{'name': 'Russian military intervention in the Syrian civil war'}
1529105,{'name': 'Popular Revolutionary Army'}
50205972,{'name': 'Sudanese Awakening Revolutionary Council'}
6010135,{'name': 'Balochistan Liberation Army'}
5403,{'name': 'Comoros'}
1889563,{'name': 'Hizbul Mujahideen'}
5405,{'name': 'China'}
47994144,{'name': 'Russian Aerospace Forces'}
45643045,{'name': 'Islamic Muthanna Movement'}
29992,{'name': 'Turkish language'}
177451,{'name': 'Spetsnaz'}
21484846,{'name': 'Haqqani network'}
1414459,{'name': 'Southern Front'}
46396,{'name': 'Ninja'}
51270972,{'name': 'RADA Special Deterrence Forces'}
5447,{'name': 'Cameroon'}
64419153,{'name': 'Al-Fatah al-Mubin'}
1799517,{'name': 'Turkish Air Force'}
914782,{'name': 'Islamic Republic of Iran Army Ground Forces'}
1799523,{'name': 'Gendarmerie General Command'}
34420068,{'name': 'Yingluck cabinet'}
5478,{'name': 'Central African Republic'}
398698,{'name': 'KBR'}
5482,{'name': 'Politics of the Central African Republic'}
5486,{'name': 'Central African Armed Forces'}
5488,{'name': 'Chad'}
5489,{'name': 'Chile'}
25539959,"{'name': ""Ahlu Sunna Waljama'a""}"
43521406,{'name': 'Shura Council of Benghazi Revolutionaries'}
50500996,"{'name': ""Peoples' United Revolutionary Movement""}"
44168589,"{'name': ""Women's Protection Units""}"
578961,{'name': 'Peace Companies'}
30108,{'name': 'Tajikistan'}
30116,{'name': 'Armed Forces of the Republic of Tajikistan'}
30118,{'name': 'Tanzania'}
39458215,{'name': 'Jaysh al-Islam'}
43546022,{'name': 'Al-Shaitat'}
44553641,{'name': 'Falcons of al-Ghab'}
2225578,{'name': 'State Peace and Development Council'}
45700523,{'name': 'Lions of the East Army'}
30128,{'name': 'Thailand'}
30138,{'name': 'Togo'}
21950,{'name': 'Khyber Pakhtunkhwa'}
20583872,{'name': 'Karbi Longri N.C. Hills Liberation Front'}
5571,{'name': 'Armed Forces of the Republic of Ivory Coast'}
5573,{'name': 'Croatia'}
42833350,{'name': 'National Council for Peace and Order'}
4462025,{'name': 'Niger Delta Vigilante'}
43521481,{'name': 'Libya Revolutionaries Operations Room'}
30158,{'name': 'Tonga'}
5593,{'name': 'Cyprus'}
51279323,{'name': 'Supreme Political Council'}
4503010,{'name': 'Transitional federal parliament of Somalia'}
18953699,{'name': 'Tehrik-i-Taliban Pakistan'}
30188,{'name': 'Tunisia'}
27145721,{'name': 'Iraqi security forces'}
751099,{'name': 'Dagestan'}
30205,{'name': 'Turkish Armed Forces'}
53401088,"{'name': ""Jama'at Nasr al-Islam wal Muslimin""}"
2668033,{'name': 'Assyrian Patriotic Party'}
44561920,{'name': 'MINUSCA'}
6559241,{'name': 'Maoist Communist Centre of India'}
1504778,{'name': 'Kurdistan Islamic Movement'}
40064531,{'name': 'Gaddafi loyalism'}
27645462,{'name': 'Baloch Republican Army'}
103958,{'name': 'The Independent'}
11752991,{'name': 'Federal government of Iraq'}
1513009,{'name': 'MKD'}
38286904,{'name': 'Ansaru'}
40392249,{'name': 'Presidential Council'}
1676875,{'name': 'Democratic Forces for the Liberation of Rwanda'}
448079,{'name': 'Khuzestan Province'}
46454353,{'name': 'Ansar Al-Furqan'}
44742232,{'name': 'Resolute Support Mission'}
13913,{'name': 'Hamas'}
13919,{'name': 'Hezbollah'}
202354,{'name': 'Vietnam'}
51082878,{'name': 'Peace at Home Council'}
49010325,{'name': 'Kurdistan Freedom Party'}
194200,{'name': 'International Security Assistance Force'}
56694430,{'name': 'Al-Ashtar Brigades'}
489124,{'name': 'National Revolutionary Front for the Liberation of Haiti'}
2905770,{'name': 'Kurdistan Islamic Group'}
6223534,{'name': 'Oromo Liberation Front'}
718522,{'name': 'Al-Ahram'}
35256005,{'name': 'Puntland Dervish Force'}
8828625,{'name': 'Shariat Jamaat'}
3782354,{'name': 'Islamic Front for the Iraqi Resistance'}
284376,{'name': 'SWAPO'}
5853,{'name': 'Army of the Czech Republic'}
2012896,{'name': 'Parbatya Chattagram Jana Samhati Samiti'}
43112164,{'name': 'European Union Training Mission in Somalia'}
3462886,{'name': 'Lebanese Front'}
177909,{'name': 'Progressive Socialist Party'}
35878650,{'name': 'March 23 Movement'}
34510588,{'name': 'Brigade 93'}
10327826,{'name': 'Ghouta'}
2840342,{'name': 'Greater Manchester Police'}
7796506,{'name': 'Jamaica Constabulary Force'}
36402973,{'name': 'Free Officers Movement'}
44168999,{'name': 'Movement for a Democratic Society'}
841514,{'name': 'Ambazonia'}
22316,{'name': 'Oman'}
17684268,{'name': 'Hells Angels'}
14131,{'name': 'Hazaras'}
2365236,{'name': 'China Maritime Safety Administration'}
18888507,{'name': 'Asayish'}
6715199,{'name': 'Sri Lanka Air Force'}
3299139,{'name': 'Hezb-e Islami Gulbuddin'}
37099354,{'name': 'Liwa al-Muhajireen wal-Ansar'}
19650395,{'name': 'Syrian Navy'}
31725421,{'name': 'Chhattisgarh Police'}
43399040,{'name': 'Palestinians in Syria'}
26105741,{'name': 'Promised Day Brigade'}
2906001,{'name': 'Tigers Militia'}
4544401,{'name': 'West Bengal Police'}
38762388,{'name': 'Sahrawi Arab Democratic Republic'}
718749,{'name': 'South Yemen'}
4913064,{'name': 'New Zealand'}
30635,{'name': 'Taliban'}
366517,{'name': 'Luo peoples'}
32520121,{'name': 'Jubur'}
44120002,{'name': 'Jaish ul-Adl'}
4028355,{'name': 'Quds Force'}
51214274,{'name': 'Special Forces Command'}
841673,{'name': 'Macedonia'}
39606222,{'name': 'Ahfad al-Rasul Brigades'}
6095,{'name': 'Chechnya'}
30726095,{'name': 'Muslim Brotherhood in Egypt'}
44783573,{'name': 'Nineveh Plain Protection Units'}
30680,{'name': 'The New York Times'}
899044,{'name': 'Peshmerga'}
42792943,"{'name': ""Sudan People's Liberation Movement-in-Opposition""}"
31725559,{'name': 'Jammu and Kashmir Police'}
48502780,{'name': 'YDG-H'}
11401226,{'name': 'Sons of Iraq'}
15751180,{'name': 'Hema'}
47052815,{'name': 'International Freedom Battalion'}
37607443,{'name': 'Libya Shield 1'}
1095706,{'name': 'Jesus'}
46897180,{'name': 'United National Liberation Front of Western South East Asia'}
3373084,{'name': 'Al-Mourabitoun'}
7247921,{'name': 'Saudi Arabian Army'}
33126456,{'name': 'Politics of Libya under Muammar Gaddafi'}
39516228,{'name': 'National Defense Force'}
14833748,{'name': 'Nepal Police'}
38033498,{'name': 'Syrian Islamic Front'}
39942236,{'name': 'Authenticity and Development Front'}
22625,{'name': 'Organized crime'}
30488708,{'name': 'Army of Free Lebanon'}
23402634,{'name': 'Lashkar-e-Jhangvi'}
49117326,{'name': 'Gogrial State'}
5183633,{'name': 'Central Intelligence Agency'}
1718417,{'name': 'Alliance for Patriotic Reorientation and Construction'}
170131,{'name': 'Kyrgyzstan'}
52598934,{'name': 'Guardians of the Dawn'}
14145690,{'name': 'Malcolm Nance'}
37607589,{'name': 'Zintan Brigades'}
43759781,{'name': 'Junud al-Sham'}
7469226,{'name': 'Vietnam Coast Guard'}
465070,{'name': 'First Army'}
13113521,{'name': 'Niger Movement for Justice'}
10918072,{'name': 'Armenia'}
55703739,{'name': 'Syrian Salvation Government'}
465085,{'name': 'Second Army'}
14532,{'name': 'Italy'}
14533,{'name': 'India'}
465103,{'name': 'Third Army'}
34232529,{'name': 'Nuer White Army'}
26532055,{'name': 'Iraqi nationalism'}
26925289,{'name': 'Ministry of Justice'}
14579,{'name': 'Indonesia'}
53278971,{'name': 'Kuki National Army'}
17561856,{'name': 'National Salvation Front'}
16881931,{'name': 'Sinaloa Cartel'}
42596625,{'name': 'Desert Hawks Brigade'}
383258,{'name': 'Russian Navy'}
22444319,{'name': 'Movement of Democratic Forces of Casamance'}
26106154,"{'name': ""Asa'ib Ahl al-Haq""}"
48027962,{'name': 'Harakat Hezbollah al-Nujaba'}
14653,{'name': 'Iran'}
39237,{'name': 'Israel Defense Forces'}
7575877,{'name': 'Union of Forces for Democracy and Development'}
891213,{'name': 'FC Zenit Saint Petersburg'}
5773650,{'name': 'Hezbollah Al-Hejaz'}
31013204,{'name': 'Khamis Brigade'}
4512092,{'name': 'Taliban insurgency'}
46504296,"{'name': ""People's Defence Forces""}"
6191478,{'name': 'Fran'}
48945528,{'name': 'Quwat al-Ridha'}
17029497,{'name': 'Pakistan Marines'}
842117,{'name': 'Communist Party of Sri Lanka'}
38254984,{'name': 'Jamaah Ansharut Tauhid'}
66402699,{'name': 'Chad National Concord'}
22936,{'name': 'Poland'}
44612010,{'name': 'Damascus Military Council'}
41146802,{'name': 'Al Furqan Brigades'}
46504388,"{'name': ""Free Women's Units""}"
22986,{'name': 'Politics'}
2816470,{'name': 'Terrorism in Pakistan'}
858586,{'name': 'Communist Party of United States of India'}
32635358,{'name': 'Taban Deng Gai'}
23033,{'name': 'Portugal'}
31232,{'name': 'Tripoli'}
26835464,{'name': 'Muhammad Rasul'}
46578189,{'name': 'Jaysh al-Jihad'}
735763,{'name': 'RENAMO'}
80408,{'name': 'Gang'}
457263,{'name': 'Nangarhar Province'}
817725,{'name': 'Kabardino-Balkaria'}
51108414,{'name': 'East Indonesia Mujahideen'}
2087487,{'name': 'Zawiya'}
40262213,{'name': 'Kurdish Front'}
195149,{'name': 'Federal government of the United States'}
1186383,{'name': 'Islam in Nigeria'}
3488351,{'name': 'People'}
52247136,{'name': 'Arakan Rohingya Salvation Army'}
48740996,{'name': 'Jaysh al-Nasr'}
408215,{'name': 'Communist Party of India'}
44284567,{'name': 'Jamaat-ul-Ahrar'}
15012,{'name': 'Islamism'}
49674922,{'name': 'Battle of Ben Guerdane'}
29358772,{'name': 'Hynniewtrep National Liberation Council'}
1071805,{'name': 'Guinea-Bissau Civil War'}
23235,{'name': 'Pakistan'}
170691,{'name': 'Peru'}
11320004,{'name': 'Fatah al-Islam'}
17349325,{'name': 'United States Marine Corps'}
408270,{'name': 'Armenian Revolutionary Federation'}
66403024,{'name': 'Union of Forces for Change and Democracy'}
34904792,"{'name': ""Idlib Martyrs' Brigade""}"
350939,{'name': 'Yemen'}
50559711,{'name': 'Niger Delta Avengers'}
34929376,{'name': 'Al-Nusra Front'}
36362979,{'name': 'General National Congress'}
32676580,{'name': 'Alliance of Yemeni Tribes'}
3807978,{'name': 'Islamic Virtue Party'}
2284275,{'name': 'Republic of Korea Navy'}
63585036,{'name': 'Union for Peace in the Central African Republic'}
13998889,{'name': 'Political Council for the Iraqi Resistance'}
113453,{'name': '101st Airborne Division'}
42826544,{'name': 'Euphrates Islamic Liberation Front'}
23369,{'name': 'Pakistan Armed Forces'}
17873743,"{'name': ""Lord's Resistance Army""}"
2407248,{'name': 'Riek Machar'}
1530705,{'name': 'Polish Land Forces'}
1276759,"{'name': ""Tigray People's Liberation Front""}"
59497310,{'name': 'Al-Barakah'}
23420,{'name': 'Paraguay'}
1088385,{'name': 'Islamic Army in Iraq'}
46332804,{'name': 'Aknaf Bait al-Maqdis'}
23428,{'name': 'Armed Forces of Paraguay'}
80777,{'name': 'Kurdistan'}
23438,{'name': 'Peruvian Armed Forces'}
12786576,{'name': 'Tanzim Qaidat al-Jihad fi Bilad al-Rafidayn'}
23440,{'name': 'Philippines'}
7003026,{'name': 'African Union Mission to Somalia'}
23444,{'name': 'Politics of the Philippines'}
23448,{'name': 'Armed Forces of the Philippines'}
572319,{'name': 'Directorate-General for External Security'}
45341600,{'name': 'Supreme Revolutionary Committee'}
334751,{'name': 'Cambodia'}
318381,{'name': 'South Ossetia'}
285632,"{'name': ""People's Mujahedin of Iran""}"
3775429,{'name': 'Katanga'}
5217236,{'name': 'Nepalese Army Air Service'}
4422618,{'name': 'Union of Congolese Patriots'}
31717,{'name': 'United Kingdom'}
4627429,{'name': 'Iraqi Armed Forces'}
57916403,{'name': 'Ahrar al-Sharqiya'}
3054594,{'name': 'Organization of Iranian Kurdistan Struggle'}
31750,{'name': 'Ukraine'}
46226442,{'name': 'Army of Conquest'}
17349645,{'name': 'Mujahideen Shura Council'}
39033876,{'name': 'Syriac Military Council'}
31769,{'name': 'United Nations'}
48028730,{'name': 'Imam Bukhari Jamaat'}
15420,{'name': 'IRQ'}
65944638,{'name': 'Mai-Mai Kyandenga'}
21462079,{'name': 'Hizbul Islam'}
48192,{'name': 'National Liberation Army'}
40516673,{'name': 'Mai-Mai Kata Katanga'}
31816,{'name': 'Uganda'}
36658251,{'name': 'Axis of Resistance'}
24525914,{'name': 'Rondas Ostensivas Tobias de Aguiar'}
13327465,{'name': 'Afghan National Police'}
31853,{'name': 'Uzbekistan'}
46644335,{'name': 'Army of Revolutionaries'}
4611195,{'name': 'Pakistan Rangers'}
343174,{'name': 'M23'}
8862873,{'name': 'Syrians'}
900249,{'name': 'National Liberation Front of Angola'}
12745881,{'name': 'Imo State'}
34593948,{'name': 'National Movement for the Liberation of Azawad'}
171166,{'name': 'Nepal'}
27344057,{'name': 'Special group'}
1678525,{'name': 'Egyptian Army'}
6266060,{'name': 'Yemeni Air Force'}
50166991,{'name': 'Army of Aleppo'}
15573,{'name': 'Japan'}
392406,{'name': 'Yahya Jammeh'}
43826405,{'name': 'Nour al-Din al-Zenki Movement'}
163045,{'name': 'Crimea'}
466160,{'name': 'Akwa Ibom State'}
43965682,{'name': 'Chaambi Operations'}
2219252,{'name': 'Operation Artemis'}
37608699,{'name': 'National Coalition for Syrian Revolutionary and Opposition Forces'}
1817852,{'name': 'Iraqi Air Force'}
32849158,{'name': 'Syrian National Council'}
3366175,{'name': 'Fatah al-Intifada'}
15660,{'name': 'Jamaica'}
1908022,{'name': 'Government of Peru'}
25197884,{'name': 'National Islamic Movement of Afghanistan'}
16055614,{'name': 'Mohammad Yousuf'}
23289165,{'name': 'La Familia Michoacana'}
7281998,{'name': 'Private militias in Iraq'}
50650448,{'name': 'Maute group'}
32087,{'name': 'United States Army'}
31137111,{'name': 'Kyrgyz'}
32090,{'name': 'United States Air Force'}
31169882,{'name': 'Raskamboni Movement'}
1285472,{'name': 'Islamic Revolutionary Guard Corps'}
187749,{'name': 'Ethiopia'}
146790,{'name': 'Coast guard'}
62922090,{'name': 'Santa Rosa de Lima Cartel'}
35175793,{'name': 'Ansar Dine'}
53894515,{'name': 'Ansar Khalifa Philippines'}
33422708,{'name': 'Movement of Central African Liberators for Justice'}
23943,{'name': 'Palestine'}
44940689,{'name': 'Sham Liberation Army'}
42425747,"{'name': ""Donetsk People's Republic""}"
286105,{'name': 'Bolivarian Circles'}
1498529,{'name': 'Iraqi Turkmen Front'}
2227620,{'name': 'Bayelsa State'}
1703333,{'name': 'Izz ad-Din al-Qassam Brigades'}
38264234,{'name': 'European Union Training Mission in Mali'}
2227627,{'name': 'Edo State'}
36502956,{'name': 'Bahraini opposition'}
28884400,{'name': 'Milenio Cartel'}
14204350,{'name': 'Khorasan'}
22281674,{'name': 'Balochistan Liberation United Front'}
11828683,{'name': 'Army of Islam'}
30973393,{'name': 'Puntland Intelligence Agency'}
32212,{'name': 'United States Armed Forces'}
32240,{'name': 'Uzbeks'}
59858448,{'name': 'SDF insurgency in Northern Aleppo'}
60005908,{'name': 'Kuer Sena'}
54263323,{'name': 'The Terrorists of Iraq'}
24093,{'name': 'Palestinian National Authority'}
409117,{'name': 'Political parties in Yemen'}
409121,{'name': 'List of political parties in Venezuela'}
42237483,{'name': 'Republic of Crimea'}
7929394,{'name': 'Revolutionary committee'}
21421637,{'name': 'Tehreek-e-Nafaz-e-Shariat-e-Mohammadi'}
36970065,{'name': 'Syriac Union Party'}
33422936,{'name': 'Convention of Patriots for Justice and Peace'}
41279064,{'name': 'MISCA'}
56928,"{'name': ""Uganda People's Defence Force""}"
38215267,{'name': 'Ganda Iso'}
2489971,{'name': 'Burmese Way to Socialism'}
32374,{'name': 'Venezuela'}
58809987,{'name': 'Derna Protection Force'}
7888518,{'name': 'Guji Oromo people'}
3767942,{'name': 'Tigray'}
605837,{'name': 'Darfur'}
11959956,{'name': 'Internal Security Forces'}
30858905,"{'name': ""Korean People's Navy""}"
44383901,{'name': 'Army of Free Tribes'}
39280286,{'name': 'United Nations Multidimensional Integrated Stabilization Mission in Mali'}
73374,{'name': 'Mercenary'}
245423,{'name': 'UNITA'}
44596915,{'name': 'Artsakh'}
3423927,{'name': 'Syrian Army'}
2326203,{'name': 'Warsangali'}
56524477,{'name': 'Security Belt'}
50699971,{'name': 'Manbij Military Council'}
65220,{'name': 'Nagorno-Karabakh'}
54722244,{'name': 'Armed Peasant Association'}
212681,{'name': 'Afghan National Army'}
46636745,{'name': 'Liwa Fatemiyoun'}
32460,{'name': 'National Bolivarian Armed Forces of Venezuela'}
2006740,{'name': 'Komala Party of Iranian Kurdistan'}
27754208,{'name': 'Army of the Men of the Naqshbandi Order'}
696035,{'name': 'Iraqi Communist Party'}
41418491,{'name': 'Jaysh al-Muwahhideen'}
1015555,{'name': 'MONUSCO'}
24324,{'name': 'Palestine Liberation Organization'}
188171,{'name': 'Kenya'}
679693,{'name': 'Iraqi Kurdistan'}
933649,{'name': 'Crimean Tatars'}
41312023,{'name': 'Civilian Joint Task Force'}
1416994,{'name': 'Mizo National Front'}
1154854,{'name': 'Royal Netherlands Army'}
22740782,{'name': 'Law enforcement in Yemen'}
8029,{'name': 'Armed Forces of the Democratic Republic of the Congo'}
2342752,{'name': 'Border Guards Bangladesh'}
1965925,{'name': 'Pakistan Army'}
4054894,{'name': 'Paramilitary forces of Pakistan'}
49020788,{'name': 'Indigenous People of Biafra'}
40902522,{'name': 'Ansar Bait al-Maqdis'}
3571583,{'name': 'United Front for Democratic Change'}
58703743,{'name': 'Hesham Ashmawy'}
21856130,{'name': 'Elite Police'}
343949,{'name': 'Indian Army'}
2703270,{'name': 'Party for Social Renewal'}
8552361,{'name': 'Interethnic Association for the Development of the Peruvian Rainforest'}
1548209,{'name': 'Libyan Navy'}
9371583,{'name': 'Law enforcement in Pakistan'}
66404293,{'name': 'Popular Front for National Rebirth'}
38911953,{'name': 'Democratic Front of the Central African People'}
1662934,{'name': 'Ogaden National Liberation Front'}
10575869,{'name': 'Palestinian right of return'}
